{
  "n_games": 163,
  "bands_end3": {
    "rose/flat (\u22640%)": {
      "under": {
        "n": 62,
        "hit": 0.5161290322580645,
        "lo": 0.39447247460618196,
        "hi": 0.6359034579349471,
        "units": -0.9090909090909101
      },
      "over": {
        "n": 62,
        "hit": 0.4838709677419355,
        "lo": 0.36409654206505293,
        "hi": 0.605527525393818,
        "units": -4.727272727272727
      }
    },
    "0-5%": {
      "under": {
        "n": 1,
        "hit": 0.0,
        "lo": 0.0,
        "hi": 0.7934567085261071,
        "units": -1.0
      },
      "over": {
        "n": 1,
        "hit": 1.0,
        "lo": 0.20654329147389294,
        "hi": 1.0,
        "units": 0.9090909090909091
      }
    },
    "5-10%": {
      "under": {
        "n": 12,
        "hit": 0.5,
        "lo": 0.2537781703934222,
        "hi": 0.7462218296065778,
        "units": -0.5454545454545459
      },
      "over": {
        "n": 12,
        "hit": 0.5,
        "lo": 0.2537781703934222,
        "hi": 0.7462218296065778,
        "units": -0.5454545454545459
      }
    },
    "10-15%": {
      "under": {
        "n": 11,
        "hit": 0.5454545454545454,
        "lo": 0.28008775568998817,
        "hi": 0.7872904245601196,
        "units": 0.45454545454545414
      },
      "over": {
        "n": 11,
        "hit": 0.45454545454545453,
        "lo": 0.21270957543988045,
        "hi": 0.7199122443100118,
        "units": -1.454545454545455
      }
    },
    "15-20%": {
      "under": {
        "n": 15,
        "hit": 0.8,
        "lo": 0.5481406466534955,
        "hi": 0.9295257935638959,
        "units": 7.909090909090908
      },
      "over": {
        "n": 15,
        "hit": 0.2,
        "lo": 0.07047420643610414,
        "hi": 0.4518593533465045,
        "units": -9.272727272727273
      }
    },
    "20%+": {
      "under": {
        "n": 39,
        "hit": 0.5897435897435898,
        "lo": 0.43418348473344903,
        "hi": 0.7292091056459952,
        "units": 4.90909090909091
      },
      "over": {
        "n": 39,
        "hit": 0.41025641025641024,
        "lo": 0.27079089435400483,
        "hi": 0.5658165152665509,
        "units": -8.454545454545455
      }
    }
  }
}