{
  "explosion": {
    "n": 46,
    "hit": 0.5,
    "lo": 0.3611870167007236,
    "hi": 0.6388129832992764,
    "units": -2.09090909090909,
    "climb": 1.7,
    "resid": 0.86
  },
  "hit_driven": {
    "n": 45,
    "hit": 0.5111111111111111,
    "lo": 0.3700422432648975,
    "hi": 0.6504321064697549,
    "units": -1.09090909090909,
    "climb": 1.6938775510204083,
    "resid": 0.9183673469387755
  },
  "cheap": {
    "n": 1,
    "hit": 0.0,
    "lo": 0.0,
    "hi": 0.7934567085261071,
    "units": -1.0,
    "climb": 2.0,
    "resid": -2.0
  },
  "control": {
    "n": 106,
    "hit": 0.4716981132075472,
    "lo": 0.37932593057045705,
    "hi": 0.5660499561609816,
    "units": -10.545454545454547,
    "climb": -0.7321428571428571,
    "resid": 0.5089285714285714
  }
}